location_id,location_name,address,city,state,zip_code,latitude,longitude
2702,"Jackson, Velazquez and Gonzales",3140 Heath Radial Apt. 604,Modesto,CA,94540,86.258020,-169.244800
4380,Bean LLC,51144 Patrick Isle Suite 397,Fontana,CA,92188,-74.4558925,-42.279882
7709,Gilbert-Simmons,4738 Lewis Locks,Roseville,CA,91032,-65.4309305,-64.763489
8607,Coleman-Robinson,324 Robin Causeway,Modesto,CA,93714,-64.281076,-77.669631
5499,Deleon Group,51725 Evans View,Roseville,CA,91849,18.4951575,-154.765780
4238,"Griffin, Huff and Smith",879 Brian Spurs,San Francisco,CA,94960,-69.134068,-124.891072
6967,Ward and Sons,289 Hill Parkways Apt. 605,San Jose,CA,90056,-43.6769855,-171.554256
1885,Valentine Inc,7431 Cathy Extension Apt. 898,Roseville,CA,91162,65.4482005,-93.526312
2794,Le PLC,22047 Duke Square,Fontana,CA,94978,-49.8497535,29.157714
9600,"Acosta, Jackson and Jones",192 Moore Loaf Apt. 675,Thousand Oaks,CA,93744,-19.554809,-133.738579
8705,Sanchez-Decker,61779 Peterson Burg Suite 645,Lancaster,CA,92678,-15.345559,-177.414130
6208,Bradley and Sons,21688 Diaz Springs Apt. 484,Los Angeles,CA,92343,-29.8344475,160.328659
1806,Martinez Ltd,008 Harris Street,Ontario,CA,95884,5.911535,-30.192918
3519,Woods-Clark,43038 Charles Ridge Suite 469,Chula Vista,CA,93770,56.6223625,-159.532569
9558,Castro-Larsen,71517 Thomas Walks Suite 368,Oakland,CA,91482,-87.3785205,-20.794578
8327,Martinez-Thompson,0745 Christopher Ramp Suite 862,Huntington Beach,CA,90227,-60.5082235,-59.861213
2248,Quinn LLC,996 Anthony Trail,Sunnyvale,CA,90295,44.364365,162.755285
7734,Bridges and Sons,248 Hamilton Plains,Orange,CA,90846,62.7701745,-127.354900
6001,Beard LLC,77372 Jermaine Extension Apt. 297,San Bernardino,CA,95172,-23.838415,138.344252
7651,"Mclean, Rice and Tucker",1552 Morton Road Suite 107,Fullerton,CA,90556,-28.834661,-56.827896
7115,Mcmahon Group,4190 Kimberly Isle,Oceanside,CA,95418,1.8465215,-16.557276
8549,Serrano LLC,584 Jennifer Points Suite 597,Sunnyvale,CA,93561,27.290993,165.672862
8134,Bush-Joseph,1696 Anna Grove,Elk Grove,CA,92994,34.619785,-94.470180
8317,"Moyer, Robinson and Hubbard",01944 Bond Wells,Orange,CA,90561,-11.261986,-104.920372
9005,"Kelly, Owens and Zhang",0161 Schaefer Harbor Apt. 027,Fullerton,CA,91896,-74.8406345,146.850049
6771,Orr-Price,2585 Spears Street Suite 621,San Diego,CA,91204,-55.841902,131.334248
6889,"Williams, Reyes and Brooks",3294 Melissa Pine Apt. 615,Chula Vista,CA,94417,-63.821952,135.639608
9810,"Price, Smith and Pierce",79626 Rogers Fort Suite 403,Santa Rosa,CA,94956,-43.387246,-159.333074
5804,"Watts, Brown and Johnson",91540 Humphrey River Apt. 853,Oceanside,CA,96019,79.7159825,-77.544122
8225,Wright-Martinez,272 Jeremy Landing,Oakland,CA,93860,76.773342,35.770710
2136,Grant-Miller,527 Stacey Row,Fresno,CA,93681,84.134112,-143.279322
3854,"Stephens, Mckee and Martinez",45378 Wells Ports Apt. 699,Concord,CA,92071,40.611904,1.012244
8590,"Ferrell, Hayes and Cook",4337 Matthew Shoal Apt. 181,Elk Grove,CA,95226,28.6228385,-16.136945
8573,Jefferson-Bryan,291 Tina Village Apt. 950,Elk Grove,CA,92188,0.8426615,-13.526388
3051,"Ramirez, Roberts and Watson",291 Brittany Spur,Orange,CA,94635,14.5033655,-109.508683
8866,"Crawford, Hale and Duran",8091 Michael Passage Apt. 572,Santa Rosa,CA,92686,-78.4167645,32.392472
9197,"Morgan, Kramer and Shaffer",1576 Michael Overpass Suite 450,Fontana,CA,94999,-21.047085,158.174522
7881,Mcmillan-Manning,63917 Berry Villages Apt. 922,Anaheim,CA,92082,-10.565833,37.400960
7654,"Johnson, Nelson and Guerrero",545 John Manors Apt. 589,Oxnard,CA,95395,52.8948145,114.823975
2546,Davis and Sons,499 Kelly Burgs,San Bernardino,CA,95602,-9.902929,-37.714221
7147,"Walters, Wilkerson and Strong",2108 Sanders Wells Apt. 090,Modesto,CA,94405,12.199033,-7.633164
9034,Brown Inc,6946 Donna Oval Apt. 582,Chula Vista,CA,94919,-1.695152,-30.465423
6131,"Edwards, Love and Grant",1395 Abigail Pike,Elk Grove,CA,90398,53.473748,118.864837
6436,Obrien Group,591 Jackson Street,Oceanside,CA,90411,58.4629995,-76.300638
9933,Rodgers Ltd,1785 Christine Tunnel,Elk Grove,CA,93708,-82.473457,-73.455852
2238,Cantrell-Bennett,1898 Hunt Ford Suite 541,Thousand Oaks,CA,96032,-36.444029,23.198213
3269,"Johnson, Evans and Chapman",307 Glenn Pike Apt. 579,Palmdale,CA,90686,9.073949,75.697447
9211,Mercer and Sons,4778 David Street,Oakland,CA,93285,-59.377220,88.319049
5510,Richmond-Dean,42961 Danny Forge,Ontario,CA,90140,26.9496685,-8.466089
5889,Bailey-Small,992 Michelle Ford,Sacramento,CA,90801,-88.3952525,-65.106500
3218,"Lewis, Ross and Mitchell",345 Reynolds Mountains Apt. 318,San Francisco,CA,95649,-69.7675095,-35.061536
6180,Hernandez-Moore,95075 Carson Mount Suite 399,Visalia,CA,90840,53.541688,-76.787813
2529,"Smith, Thomas and Kim",72436 Herrera Court Suite 789,Rancho Cucamonga,CA,94412,-51.4836235,-133.799127
5600,"Escobar, Miles and Cooper",128 Johnson Islands Suite 248,Fresno,CA,92204,-23.672414,-73.155240
5166,"Romero, Howard and Fisher",94092 Taylor Orchard,Chula Vista,CA,93401,-88.095570,158.293097
2487,Garcia-Cox,1225 Bryan Divide Suite 189,Oxnard,CA,92311,-49.8711725,40.631078
7434,Richards Inc,70421 Crystal Branch,Torrance,CA,90124,-57.859074,-127.940613
1871,Russell-Ibarra,31518 Adams Walks Apt. 056,Visalia,CA,91643,-15.8959045,-99.423047
8779,Mora-Young,3524 Melissa Motorway,Santa Clarita,CA,92118,75.7651265,-5.803561
7925,Kelly-Moore,43621 Tamara Island Suite 517,Oakland,CA,92200,-80.1486435,176.128412
7533,Decker Inc,89114 Rebecca Extensions,Torrance,CA,91966,27.3713415,-153.656829
8725,Carter-Galloway,71496 Joseph Circles Suite 697,Pasadena,CA,91002,41.710414,-46.814533
7195,House-Gibson,26167 Cherry Manor,Lancaster,CA,91879,7.0034535,80.228337
1154,Johnson-Holland,16882 Kirk Lodge,Orange,CA,91426,63.1268255,-20.528665
2268,"Gordon, Marshall and Snyder",81131 Geoffrey Route Suite 797,Corona,CA,93710,-65.215392,126.760111
3555,Vasquez-Parsons,39023 Donald Meadow,Victorville,CA,95835,-17.9507825,-174.368920
1959,Lopez Inc,6822 Ryan Lodge Suite 776,Chula Vista,CA,91335,-50.9057665,129.793609
2132,Wise-Gregory,91458 Kyle Point,Fremont,CA,93735,-69.3348205,-122.633099
6036,Hines-Murphy,556 Jennifer Extension,Oceanside,CA,91986,-62.9513875,166.631653
5984,"Huang, Owens and Mejia",317 Thomas Island Suite 957,Ontario,CA,95177,-10.782920,106.422836
3057,Barr-Stevens,762 Perez Mission,Salinas,CA,91834,19.491786,158.212857
7809,"Mendez, Williams and Mclaughlin",6511 Taylor Fords,Fullerton,CA,95865,-16.688795,-25.886394
7361,Shaw Ltd,2578 Wallace Station Apt. 952,San Francisco,CA,93930,-1.9991575,-76.545646
4449,Porter-Moore,2976 Mann Square Suite 561,Bakersfield,CA,91281,-48.0491615,-152.212308
6609,Stewart Inc,433 Joseph Mews Suite 588,San Bernardino,CA,96003,-86.849432,95.363893
1655,Gordon-Phillips,0387 Jones Isle,Roseville,CA,95150,-2.442957,-3.293341
2067,Adams Ltd,806 Turner Gardens Apt. 640,Stockton,CA,91112,60.4470255,152.134267
5906,Thompson LLC,7373 Rodriguez Mall Apt. 737,Glendale,CA,92637,76.0896355,-78.424632
6599,Jensen Ltd,67010 Bennett Ville,Santa Ana,CA,95089,73.7007665,-66.709064
7385,"Rogers, Rodriguez and Mitchell",53982 Julie Plaza Suite 571,Sunnyvale,CA,93518,-61.031512,-155.805916
3976,Macias Group,95479 Zimmerman Drives Apt. 051,Stockton,CA,91564,-88.828281,29.938171
7740,"Hernandez, Johnson and Wise",9041 Powell Centers,Rancho Cucamonga,CA,92668,45.230452,-133.274063
5402,"Jenkins, Valdez and Sims",1284 Grant Lakes,San Francisco,CA,94131,-63.089818,31.981833
7597,Fitzgerald-Martinez,03130 Mary Mountains Suite 011,Chula Vista,CA,94740,20.760066,124.769029
6994,Webb-Young,59679 Jordan Pass Suite 844,Oakland,CA,95091,46.825419,56.188283
3895,Walsh Ltd,7492 Gina Isle,San Francisco,CA,92607,-27.9579025,-31.348383
4683,"Williams, Mullins and Vasquez",6621 Mcdonald Union Apt. 951,Santa Clara,CA,95392,70.4723705,40.878827
5047,"Mccoy, Ritter and Jackson",4611 Jenna Dam Apt. 676,Pasadena,CA,91200,-71.451898,-175.183311
6986,House Ltd,186 Kevin Unions Suite 591,Sacramento,CA,95222,-13.5022895,83.869474
3216,"Jordan, Johnson and Ross",260 Walter Mountain,Fullerton,CA,90783,-78.444665,-91.358358
4179,Shelton LLC,0885 Barajas Dale,Santa Ana,CA,94994,88.3765255,129.584372
7135,"Marks, Rivera and Hensley",729 Cisneros Mountain,Oceanside,CA,93775,73.3469065,179.879419
5917,Navarro-Hammond,926 Ramos Court Suite 359,Pomona,CA,95239,64.948353,-36.185357
2118,Moore-Parsons,498 Andrea Trace Apt. 089,Santa Clara,CA,93926,67.586629,-56.591499
4435,Snyder-Cook,5861 Matthew Hollow Suite 907,Los Angeles,CA,96070,-10.444970,-102.638604
4219,Campos-Cook,1235 Jasmine Ramp,Stockton,CA,91369,-2.816675,140.350034
4591,Dunn-Spencer,67068 Jones Drives,Garden Grove,CA,90599,86.221868,3.589184
3557,Smith Ltd,453 Riley Heights Suite 138,Moreno Valley,CA,91276,-51.5687195,15.204711
8332,"Mcdaniel, Hardy and Harrison",657 Zachary Squares Apt. 835,Escondido,CA,94328,-55.512493,127.709216
5192,Jackson Ltd,932 Taylor Canyon Suite 539,San Bernardino,CA,95199,10.505535,-17.197997
2116,Garcia-Wilson,837 Parks Knolls,Corona,CA,95532,67.551527,3.643196
6918,Brown LLC,942 Alvarado Gardens,Chula Vista,CA,95230,64.401815,-135.135595
6886,Lewis-Patterson,651 Stacie Curve Apt. 549,Long Beach,CA,93389,-82.123873,117.418488
9384,Choi PLC,55553 Lawrence Turnpike,Sunnyvale,CA,94378,-73.779873,-40.151494
2086,Haynes Ltd,290 Hardin Pine,Pasadena,CA,94387,-84.519839,0.357572
2621,Brewer and Sons,08103 Ramirez Trail,Thousand Oaks,CA,90703,-32.142980,68.299947
4627,"Savage, Bennett and James",791 Lawrence Falls,Huntington Beach,CA,95737,47.374386,94.425353
9918,Bennett LLC,8042 Brown Wall Suite 849,Lancaster,CA,91382,21.520747,-1.066899
9809,Rodriguez-Harris,021 Amy Trail Apt. 042,Corona,CA,90440,-14.0544945,-145.563851
4516,Wall Group,43900 Ray Corners Suite 910,Los Angeles,CA,91100,52.2774365,42.532083
8685,"Cochran, Robinson and Hall",336 Allison Lock,Simi Valley,CA,93165,46.018338,-22.799550
1338,Gonzalez Ltd,629 Bryant Manors Apt. 106,Chula Vista,CA,92141,-28.5543545,44.116652
8328,Wilson Group,7176 Amy Square Suite 242,Glendale,CA,93937,-22.6328855,-82.135915
4806,"Parker, Payne and Hayes",70744 John Bridge,Palmdale,CA,92181,16.277642,-102.547610
9669,Montgomery Group,717 Knight Inlet Suite 034,Lancaster,CA,95439,37.449226,-157.755271
7178,Howell and Sons,01557 Reeves Summit Apt. 520,Elk Grove,CA,93471,-52.8031015,32.375342
7156,Jones Ltd,574 Mckee Plaza,Moreno Valley,CA,95708,-55.927228,-156.550020
9462,Pena Group,614 Brandi Port Apt. 201,Garden Grove,CA,94627,-87.9031915,-158.101285
3784,"Green, Greer and Wyatt",46062 Cory Groves,Oakland,CA,91275,-5.083709,-135.750612
5943,"Martinez, Valentine and Mcdonald",346 Peter Prairie,Modesto,CA,93025,22.312186,-149.929106
3028,Meyer-Hahn,295 Margaret Fields Apt. 594,Thousand Oaks,CA,94625,-77.6214105,-93.860727
3143,"Leblanc, Horne and Juarez",14017 Sharon Turnpike,Chula Vista,CA,95672,-28.862168,8.224360
3756,Hodges Ltd,92936 Byrd Manors Suite 322,Long Beach,CA,92010,-5.6709695,122.099915
9863,Figueroa-Mason,72475 Kristine Branch Suite 444,Elk Grove,CA,92099,8.227628,131.066114
4707,Park-Mckinney,3823 Murphy Path Apt. 980,Hayward,CA,91669,-43.7194935,-68.510080
6350,Parker LLC,1794 Daniel Mill Suite 142,Orange,CA,95939,51.1190985,-146.869345
4258,Smith-Thompson,88531 Donald Mountain,Anaheim,CA,95770,-6.366271,132.078714
7017,"Adams, Butler and Barton",3709 Cameron Stravenue Suite 212,Simi Valley,CA,94717,-30.1340985,153.087608
6091,"Logan, Kim and Armstrong",316 William Fork,Sacramento,CA,92054,-76.744888,-151.131834
9619,"Jennings, Weber and Cruz",927 Nancy Course Apt. 045,Oakland,CA,95391,-43.0860695,-47.481324
9458,Ryan-Graham,74358 Joseph Fork Apt. 865,Santa Clara,CA,96079,77.2912225,-41.833708
1761,Collins LLC,09686 James Cliff Apt. 200,Irvine,CA,95993,-58.9146665,74.578069
6690,Salinas-Frazier,15353 Michael Turnpike,Hayward,CA,90905,75.280819,147.955528
2041,Williams Inc,63260 Susan Greens Apt. 976,San Diego,CA,95753,45.6285225,-74.348547
3228,Mckinney-Bryant,117 Brian Lodge Suite 133,Fremont,CA,95642,-4.225552,146.218226
1371,"Mclean, Reeves and Hunter",16685 Brian Stravenue Apt. 903,Rancho Cucamonga,CA,90185,-19.458310,-123.142122
1158,Hendrix LLC,682 Mackenzie Mission Apt. 560,Sunnyvale,CA,93817,33.015668,5.299623
2608,Vance Group,7598 Jones Ports,Santa Clarita,CA,94617,64.6998985,73.291386
5405,Scott-Ramirez,2546 Bradshaw Glens Suite 728,Lancaster,CA,92642,46.2202635,-93.470149
5216,Austin and Sons,42269 Bryant Fords Suite 016,Santa Clarita,CA,95692,52.270429,-148.080392
6720,Logan Inc,1662 Garrett Summit,Long Beach,CA,90781,-89.3601815,-82.702663
2863,"Daniels, Gardner and Ramirez",48229 Hamilton Underpass,Victorville,CA,93797,58.893549,102.998920
9182,Montoya Inc,48137 Singleton Greens,Corona,CA,93552,-25.1826625,2.023763
4040,Ortiz-Mcintyre,06606 Joyce Dam Suite 718,Santa Rosa,CA,94632,-33.5307555,107.960709
8500,"Walsh, Gordon and Castro",489 Jennifer Street Apt. 493,San Diego,CA,92286,-62.807016,111.257475
1297,Wells Group,926 Gill Mount,Hayward,CA,95836,72.699198,110.595177
2264,George Inc,8062 Weber Trail,Oakland,CA,95909,89.327525,-169.849931
8098,"Bryant, Sanchez and Barnett",895 Christopher Court,Fresno,CA,93629,88.697867,116.781243
7305,"Moss, Sullivan and Morrison",4600 Brooks Summit,Huntington Beach,CA,94526,55.0968385,11.520536
4652,Mclaughlin Ltd,1654 Robert Roads,Riverside,CA,95430,-15.9983215,-77.233548
8932,"Costa, Whitaker and Wang",7905 Heather Stream,Torrance,CA,95068,-44.6512435,-41.454923
5693,"Lewis, Fisher and Ballard",309 Jason Via,Torrance,CA,91196,43.818169,-171.003092
6290,"Johnson, Harrell and Cunningham",861 Kelly Way Apt. 531,Oceanside,CA,90905,28.4079985,-128.724818
1727,Martinez and Sons,1728 Manning Cliff,Salinas,CA,93687,-68.4034825,1.646880
2754,Wiley-Rivera,88298 Heidi Branch Apt. 812,Victorville,CA,95980,-7.9232645,-175.641207
5016,Cochran Inc,6162 Barbara Manors,Pasadena,CA,90377,-70.863531,-135.995847
6787,"Pace, Anderson and Schneider",7201 Christopher Fall Apt. 684,Long Beach,CA,91697,23.038904,115.646202
6896,Obrien-Kim,70585 Stephanie Cliffs Apt. 365,Concord,CA,91752,65.628943,-70.645539
5569,Rangel-Le,513 Figueroa Shores,Anaheim,CA,90815,61.550993,35.035497
5705,Lopez PLC,632 Bailey Junction Suite 925,Santa Clara,CA,91130,49.0659785,132.321081
6377,Perez-Ibarra,926 Jones Forest,Torrance,CA,92032,50.1818835,126.289686
5345,Hill Ltd,4330 Charles Skyway Apt. 710,Lancaster,CA,93820,44.7644055,-80.739739
3887,Miller Group,881 Samantha Points Suite 986,Anaheim,CA,95210,-49.0320905,37.156004
8001,Klein-Bailey,3496 Victoria Walk Apt. 582,Bakersfield,CA,91754,-62.5355355,-112.103586
9693,Medina-Lin,32944 Cook Spring Suite 898,Moreno Valley,CA,90409,74.566592,-30.552694
8281,Moore-Hull,993 Barron Forks Suite 943,Fresno,CA,95746,27.151113,1.294643
3406,Martin-Wood,887 Moss Landing,Santa Clara,CA,91644,48.5228905,-151.719330
9352,Rodriguez-Scott,27640 Cruz Plains,Fresno,CA,90057,25.086215,37.993428
3374,Gutierrez PLC,5518 Smith Drive Suite 906,Fremont,CA,94639,26.6172795,-134.411267
1796,Patterson-Henry,57039 Perry Bridge Apt. 617,Fontana,CA,92564,2.500997,79.471325
7538,Edwards and Sons,1330 Ricky Turnpike,Concord,CA,93350,48.4006315,31.081519
8462,Klein Ltd,29685 Alexander Plains,Glendale,CA,90087,-66.655725,95.502845
8954,Roberts Inc,00165 Laura Loaf,Rancho Cucamonga,CA,93795,59.930779,-70.627966
4445,Huerta-Potts,39388 Summers Neck Apt. 193,Stockton,CA,90131,-5.539552,174.967638
9853,Rogers-Joyce,98132 Sarah Road,Stockton,CA,96118,-71.097776,22.331528
4392,Williams-Brown,789 Thompson Terrace Apt. 518,Simi Valley,CA,90593,-32.0310945,46.918056
1351,Baker-Oconnor,97586 Nguyen Glens Apt. 170,Oakland,CA,92388,-0.7439845,125.080894
4451,"Thomas, Ortega and Benton",5687 Miller Locks Suite 086,Bakersfield,CA,93157,-33.235208,-66.467373
8928,"Phelps, Robinson and Myers",420 Steven Rapids Suite 185,Santa Rosa,CA,91741,-58.712908,-156.515614
2034,Kennedy-Peck,90364 Mckinney Wells Suite 530,Anaheim,CA,90784,2.7708765,147.034375
7672,Norman Inc,49958 April Hollow Apt. 652,Oceanside,CA,93042,16.623725,22.129503
2005,Baker-Martin,910 Mendez Meadow,Santa Rosa,CA,90038,37.313886,147.662681
2093,Lynn LLC,81003 Carrie Centers Suite 101,Torrance,CA,94992,-45.1499865,-130.780607
2509,Brown Group,60831 Mark Inlet Apt. 827,Huntington Beach,CA,93846,62.707143,-89.621044
1745,Black-Solomon,0657 Debra Lane,Torrance,CA,92352,-49.620048,-3.450395
2081,"Jenkins, Watts and Aguilar",709 Alyssa Vista Suite 380,San Francisco,CA,91070,61.092010,100.810092
9253,Wilson PLC,3348 Cannon Port Suite 925,Thousand Oaks,CA,93349,-60.272937,-118.410262
1496,Paul-Hall,425 Gutierrez Streets,Rancho Cucamonga,CA,95732,49.629145,113.169348
9432,"Ponce, Munoz and Mccarthy",84096 Tara Oval,Anaheim,CA,94280,71.161883,-61.211023
4865,Roy-Lowe,86418 John Mountain,Roseville,CA,93784,51.733540,123.338620
6375,Allen-Hodges,24804 Ryan Summit,San Jose,CA,91004,-88.6207685,-134.586065
9488,"Soto, White and Johnson",98683 Eric Course Apt. 316,Concord,CA,90261,-18.0195365,49.451221
5538,"Parsons, Martin and Berry",151 Freeman Way Apt. 158,Santa Clarita,CA,90106,-57.2874945,-121.382892
1843,Matthews PLC,031 Barrett Hill Apt. 230,Elk Grove,CA,93050,-88.1925165,20.153017
3908,Pruitt-Galloway,2805 Angela Mills,Anaheim,CA,94236,-6.4355485,106.933407
2484,Jones and Sons,702 Gordon Common Suite 398,Anaheim,CA,91279,14.5124095,-40.767549
6363,Goodwin-Young,084 Nathan Alley Apt. 917,Oceanside,CA,94617,33.757958,52.867389
7970,Jackson PLC,8729 Rowe Village Apt. 055,Victorville,CA,91735,73.355053,111.171803
2958,West PLC,1444 Christopher Cliffs Apt. 322,Oceanside,CA,94350,-12.680014,33.456330
1457,Krause-Jones,1730 Rachel Stravenue Suite 576,Garden Grove,CA,95352,33.2477145,58.016745
4663,Ibarra-Lowe,1100 Wilson Wall,San Jose,CA,93255,89.0982295,-145.375828
6576,"Peterson, Scott and Robles",817 Roy Fort,Rancho Cucamonga,CA,91729,46.7912525,35.559218
2356,Bradford and Sons,901 Stone Place Suite 829,Santa Rosa,CA,93171,86.532216,-100.777318
3311,Paul PLC,0195 Steven Mountain Suite 967,Bakersfield,CA,92669,-41.625978,162.947856
4129,Vasquez-Faulkner,68925 Reyes Meadows Suite 754,San Diego,CA,96014,-75.973156,95.770976
3067,Bauer Group,6486 Howard Landing Apt. 227,Hayward,CA,93951,4.026747,-48.286231
9046,Martinez Inc,033 Hill Harbor,Visalia,CA,92909,65.259931,-24.695977
4737,Williams Inc,9226 Tiffany Lakes Suite 563,Riverside,CA,90006,79.8974885,115.253623
7752,Smith Ltd,609 Burnett Key,Ontario,CA,91999,-63.633280,32.610339
6785,Mcintosh-Day,70186 Terri Extensions,Oxnard,CA,90081,-81.0387035,48.391143
8543,Sanchez-Mitchell,87844 Michael Point Apt. 107,Thousand Oaks,CA,94378,-13.7682535,-39.725308
8597,Bolton-Wood,4519 Burns Isle,Huntington Beach,CA,94660,-67.682854,129.749950
4225,"Thomas, Hancock and Weiss",27721 Bryan Club,Victorville,CA,95095,83.102633,-42.437955
2390,Marquez LLC,421 Eaton Ford Apt. 048,Fremont,CA,91710,76.680824,-143.856864
2683,"Holmes, Graham and Boyd",21655 Lucas Villages Apt. 420,Garden Grove,CA,94453,55.9044855,72.432432
9297,"Holland, Adams and Melton",92399 Tammie Ways Apt. 009,Glendale,CA,94602,54.4671055,-52.883125
9424,Ross and Sons,1901 Hicks Street Suite 494,Escondido,CA,91010,-71.1359705,151.036040
5676,Everett-Saunders,50814 Flynn Extensions,Huntington Beach,CA,91698,-16.321270,-63.058415
2363,Bonilla-James,0902 Joshua Harbor Suite 676,Salinas,CA,93503,43.802685,-171.172263
4510,Brown-Matthews,21333 Shaw Neck,Moreno Valley,CA,95521,86.1976125,60.828209
2495,"Cooper, Middleton and Williams",596 Pamela Circles Suite 375,Escondido,CA,90679,6.632188,141.368929
4856,"Jones, Ponce and Mccall",1009 Susan Estates,Escondido,CA,94200,-86.293840,-41.742239
5594,"Silva, Huber and Rodgers",2911 Arnold Heights Suite 579,Modesto,CA,94942,-45.608044,-143.678753
7204,"Clements, Harrell and Johnson",7155 Cherry Meadow Suite 655,Orange,CA,94072,33.296788,-57.956863
1629,"Perkins, Torres and Riley",747 April Viaduct Suite 003,Visalia,CA,91378,52.9905575,-80.783880
5149,"Salazar, Powell and Wilson",641 Michael Trafficway,Moreno Valley,CA,91439,-60.8482645,58.457209
3466,Mcguire Ltd,506 Miller Lock Suite 819,Visalia,CA,92679,28.4129425,-179.348750
4133,Bennett-Lewis,0691 Garrett Square,Simi Valley,CA,95114,-66.3281135,-47.633723
4812,Hanson-Shepard,71057 Cynthia Extension,Huntington Beach,CA,90334,6.3027705,-28.478741
3225,Clayton PLC,19332 Morgan Plaza,San Francisco,CA,94837,-69.7088365,-150.073999
7254,Levine-Mendez,74301 Thomas Dale,Long Beach,CA,93238,-65.962982,24.310485
3524,Saunders-Day,3793 Jones Square Apt. 157,Simi Valley,CA,91285,32.890792,-133.274272
1832,Smith Group,256 Williams Mountains Apt. 788,Irvine,CA,91612,74.852579,161.190634
6616,Nelson-Reynolds,206 Graham Brooks Apt. 245,Sacramento,CA,91481,-39.8155275,47.496422
1171,"Martin, English and Lopez",165 Catherine Curve Suite 375,San Bernardino,CA,92094,27.0208615,-93.561515
1430,"Hill, Bates and Blevins",258 Baldwin Vista,Santa Ana,CA,91894,27.7567815,-177.642828
2732,Casey-Simmons,0734 Jordan Junctions,Santa Clarita,CA,93342,-14.966603,105.309725
1714,Fitzgerald PLC,1201 Nathan Springs Apt. 948,Oakland,CA,90444,79.712546,-41.205061
4318,Owens-Chapman,9602 Kathryn Row Suite 743,Sunnyvale,CA,95412,-12.849363,-98.787786
7611,"Stanley, West and Mcdonald",2204 Davis Park Suite 558,Santa Clara,CA,92121,-21.3865435,34.470195
5012,Bird Inc,63724 Phillips Crossroad Suite 275,Fremont,CA,93044,-48.325965,14.629833
9062,"Griffin, Brown and Jackson",3532 Ochoa Estate,Roseville,CA,92636,11.808232,125.492174
3487,"Velasquez, Martin and White",14159 Edwin Plaza,Fontana,CA,94710,-6.2479385,77.144127
9865,Patel Inc,624 Schaefer Shores,Elk Grove,CA,95838,37.298063,-42.122244
4592,Conway-Olson,5103 Smith Spur Suite 024,Moreno Valley,CA,91569,-23.9061875,-67.568824
7676,"Lee, Williams and Rocha",61431 Kathleen Via,Hayward,CA,93510,-28.349905,32.835437
9259,Bailey Group,06314 Osborne Mall,Simi Valley,CA,91855,-24.791931,-94.635935
1507,"Smith, Alexander and Mcintosh",2074 Sheryl Corners Suite 717,Santa Rosa,CA,92772,-28.006920,-71.446172
6929,Blanchard Group,9905 Gray Throughway Apt. 925,Simi Valley,CA,91874,-51.3457995,102.600914
8795,Miller and Sons,0732 Gamble Neck Suite 130,Modesto,CA,91259,-18.9625025,94.920935
8491,Gonzalez and Sons,1363 Turner Hills Apt. 815,Chula Vista,CA,93818,80.7503225,119.686727
4117,Brown-Lopez,1565 Allen Land,Bakersfield,CA,91660,-85.4560785,-111.834933
6974,Clarke-Scott,598 Walker Spurs Suite 267,Ontario,CA,94234,-54.071757,-9.882749
3561,Thomas-Bauer,26867 Mary Expressway Apt. 679,Hayward,CA,96092,-72.729310,56.208901
7800,Smith-Miller,153 Marks Way Apt. 285,San Jose,CA,91572,72.648612,32.128955
9633,Larson-Kline,760 Cassandra Crossroad,Los Angeles,CA,90992,1.3574655,-82.767470
5886,Davenport-Huff,468 Sanders Valley Suite 611,Ontario,CA,94371,10.746704,135.738896
1431,Hayes-May,0261 John Drive,Moreno Valley,CA,92969,-68.315481,174.026027
6086,Hall Ltd,990 Taylor Forest,Santa Clarita,CA,92280,-7.621384,-72.940650
8147,"Campbell, Ford and Jackson",96150 Christopher Gateway Suite 844,Long Beach,CA,91950,-29.264438,131.462947
4922,Wong Ltd,063 Teresa Knolls Apt. 000,Palmdale,CA,93321,79.5369035,42.695749
7111,"Wyatt, Williams and Obrien",59033 Kelsey Meadow,San Jose,CA,94660,-34.4628395,112.930621
8627,Mendez-Harris,5405 Rebecca Radial,Los Angeles,CA,95670,-63.418535,-91.592647
2294,"Kelly, Gonzales and Stevens",4792 Shelley Brooks,Santa Rosa,CA,90345,11.0096725,-81.499814
2981,"Nunez, Garcia and Floyd",136 Guerrero Way,San Francisco,CA,92897,-76.6533145,105.547676
4670,Erickson Ltd,44704 Davis Burgs Apt. 790,Chula Vista,CA,92159,74.624007,-178.826008
9882,Davis Group,82059 Higgins Motorway Apt. 296,Santa Clarita,CA,95594,-49.613284,-55.522534
5498,Gilmore-Thompson,258 Paul Glen Suite 000,San Jose,CA,91248,-15.505510,11.532050
7099,"Sanders, Sharp and Kline",59314 Harris Terrace Apt. 376,Hayward,CA,95030,35.3162005,-82.175642
2712,"Cross, Curry and Brown",263 Larry Highway Apt. 679,Rancho Cucamonga,CA,90777,54.653295,-38.701991
2486,"Turner, Brown and Merritt",44815 Aguilar Fork Suite 812,Fullerton,CA,91723,69.9443755,-80.877777
1505,Lewis-Parker,5450 Dean Corner Suite 971,San Francisco,CA,91004,-42.971626,143.226621
8667,Rogers Group,36167 Joshua Lakes Apt. 317,Anaheim,CA,93741,36.7051025,-29.595038
2153,Hines-Mckay,681 Mary Mill,Roseville,CA,93111,-48.484988,-141.899064
2620,"Carlson, Griffith and Reese",311 Mckinney Port,Escondido,CA,90446,-64.648068,91.528160
2975,Mccarthy Inc,9987 Garner Knolls Apt. 397,Oakland,CA,93193,-68.3555225,65.437239
7660,"Frederick, Perez and Wallace",9590 Jerry Manor,San Bernardino,CA,92295,-30.817409,-49.927857
9689,Santos-Medina,09706 Edward Underpass,Long Beach,CA,92117,36.738941,-121.913013
4763,Tucker-Farrell,68992 Horton Crossing,San Diego,CA,93112,-83.1993905,-17.974291
4771,"Mccann, Moore and Smith",3966 Dixon Overpass Suite 772,San Francisco,CA,92899,-64.682470,37.919386
9559,Coleman-Rodgers,72494 Tristan Island Suite 532,Santa Rosa,CA,94810,-72.169265,-87.105835
2172,"Garcia, Arias and Jones",91882 Gabriel Crest,Roseville,CA,94832,-76.5076175,139.352810
3355,Perkins Inc,53009 Dawson Mountains,Oxnard,CA,91955,-13.908621,-78.170669
5718,Schmidt LLC,50332 Rhonda Island,Fullerton,CA,94258,-75.8111135,-4.337925
5204,Moore Inc,422 John Island Apt. 356,Irvine,CA,92276,77.919282,140.648180
4394,Hunt Inc,3888 Andrew Forges Apt. 894,Corona,CA,92468,84.9013185,-95.755132
3108,Harper-Combs,376 Curtis Ford Suite 471,Oakland,CA,93936,-79.285284,1.374836
8750,"Cox, Thomas and Armstrong",540 Rodriguez Meadow,Roseville,CA,91306,45.138097,-0.632301
2815,"Barnes, Foley and Sawyer",008 James Trafficway Suite 197,Palmdale,CA,94452,3.357019,59.962331
1463,"Pham, Nicholson and May",920 Jessica Junction Suite 956,Oakland,CA,93153,-63.574289,-72.972501
4819,Reyes PLC,137 Christopher Village Apt. 050,Oceanside,CA,93401,-25.8303225,-1.978992
9536,Brown Ltd,800 Peters Mountain Apt. 643,Irvine,CA,91019,17.835358,93.621048
6822,Peterson-Perez,704 Mendoza Parkways,Elk Grove,CA,94043,-17.530377,105.465625
8144,"Gonzalez, Hayden and Diaz",366 Hansen Light Apt. 428,Oceanside,CA,94457,-65.534353,68.010140
6920,Lane Inc,2232 Evans Islands Apt. 301,Elk Grove,CA,94128,63.6925185,-9.952388
9713,Kim Ltd,3379 Weiss Forks Apt. 228,Los Angeles,CA,90116,12.7381655,0.107703
5442,Anderson-Lowery,84536 Raymond Shores,Sunnyvale,CA,93538,13.0823775,105.000301
7239,Parks PLC,85867 Shawn Prairie Apt. 886,San Francisco,CA,93027,-32.1908125,-57.908861
1497,Terry Inc,40402 Jones Haven,Pomona,CA,93146,-21.816193,89.698130
8974,White Inc,755 Perez Mountain,Escondido,CA,93880,61.4413285,-12.785527
